school_id,schoolName,schoolType,headerImage,address,phone,familyOfSchools,schoolLevel,grades,program,capacity,current,projection_2025_26,projection_2026_27,projection_2027_28,projection_2028_29,history_label_1,history_value_1,history_label_2,history_value_2,history_label_3,history_value_3,history_label_4,history_value_4,built,age,size,modular,air_conditioning,heating,led_lighting,catchment_migration,catchment_description,parking_spots,bus_loop,girls_washrooms,boys_washrooms,gender_neutral_washrooms,universal_washroom,elevator,accessible_parking_stalls,accessible_entrance,automatic_entrance_door_operators,childcare_infant,childcare_preschool,childcare_school_age,meta_user,meta_updated,additions,playground,provincial_buildingMove,provincial_note,provincial_requested,provincial_inProgress,provincial_completed,local_requested,local_inProgress,local_completed
archwood,Archwood School,School,public/archwood.jpg,800 Archibald St.,(204) 233-7983,NELSON MCINTYRE FOS,Elementary School,K-8,English Program,210,182,181,182,177,184,2020_21,179,2021_22,199,2022_23,229,2023_24,195,1952,72 years,28513 ft²,0,"Main office, gym",Natural gas,Gym,-0.7%,Net annual movement in and out of catchment (5-yr. avg.),Not specified,NO,3,3,1,YES,n/a,1,YES,YES,0,0,24,CommsLRSD,2025-10-16 17:22:16,"1954|5,104 ft²||1967|2,829 ft²||1971|5,898 ft²||1975|352 ft²",Basketball Court|Basketball Action Play|Steel Play structure|Wooden Play structure|Climbing dome|Shade structure|Soccer nets|Baseball Diamond,,,Universal washroom to meet current accessibility standards*|Remaining Burnham boiler replacement|Roof replacement (Partial),None,None,Main office renovation|Boys change room renewal|Air conditioning installation|DDC system|Office renovation completion|Flooring and hallway wall refinishing|Classrooms renovation|Library flooring|Music room renovation|Room 10 renovation,Fence installation,Community kitchen electrical upgrades|Kitchen island addition|Cupboards|Gym girls change room modification|Bottle filling station addition
beliveau,Collège Béliveau,Collège,public/beliveau.jpg,296 Speers Rd.,(204) 255-3205,BÉLIVEAU FOS,High School,7-12,French Immersion,650,678,824-871,812-820,761-763,703,2020_21,639,2021_22,649,2022_23,651,2023_24,649,1956,68 years,86387 ft²,0,Full building,Natural gas,"Gym, classrooms (3), main office, commons",+3.3%,Net annual movement in and out of catchment (5-yr. avg.),64,Inaccessible,6,6,2,YES,YES,0,YES,YES,N/A,N/A,N/A,CommsLRSD,2025-10-16 17:22:16,"1961|21,125 ft²||1964|9,635 ft²||1967|28,335 ft²||1994|2,701 ft²",Basketball Court|Rubberized Track,French Immersion program at 296 Speers Rd. to move to 1015 Cottonwood Rd.,Building Move: French Immersion program at 296 Speers Rd. to move to 1015 Cottonwood Rd.,"New High School: Precinct K neighbourhood|Addition with washrooms, fitness room, band/music rooms, administration office, entrance modifications, community room, site development|Roof replacement (Partial)",None,Lighting retrofits|Universal washroom|Foods and nutrition lab renovation,"Gender-neutral washroom|DDC system|Air Make Up unit|Gym office spaces|Staff washroom renovation|Windows replacement|Blackboards removal|Flooring and ceiling|Office area redesign|Canteen shutter door lock relocation|Parking lot and staircase repair|Lockers|Lighting in science wing, library, and Grade 7/8 classrooms|Washrooms renovation",None,Removal of raised teachers desks|Refinish gym floor|Concrete stairs repair|Door & frame replacement
cjs,Collège Jeanne-Sauvé,Collège,public/cjs.jpg,1128 Dakota St.,(204) 257-0124,JEANNE-SAUVÉ FOS,High School,9-12,French Immersion,900,847,811-891,857-917,878-918,829-849,2020_21,635,2021_22,684,2022_23,687,2023_24,750,1989,35 years,91566 ft²,0,description,Natural Gas,"Main entry, office, fitness room, gym offices, classrooms (28)",-0.2%,Net annual movement in and out of catchment (5-yr. avg.),129,YES,3,3,6,YES,YES,2,YES,YES,N/A,N/A,N/A,CommsLRSD,2025-10-16 17:22:16,"1999|replaced by 2023 addition||2017|3,929 ft² /cafeteria, foyer||2023|26,500 ft² / 16 classrooms, music room",Garden Area|Circle of Courage|Outdoor classroom,,,Roof replacement (Partial)|Additional Air Make Up unit to gym,None,"Replacement of Roof Top Unit|Addition with 16 classrooms, music room, and universal washroom|Rooftop solar panels|Fitness Room|Science Classrooms (5)","Hallways and door trims repainting|Gym Bleachers|School field redevelopment|Gymnasium floor refinishing|Library flooring replacement|Girls' washroom renovation|Domestic piping replacement in crawlspace|Lighting upgrade in all classrooms, hallways, and gymnasium|Elevator or lift for mezzanine access",None,Exterior level landing for cafeteria doors
dakota,Dakota Collegiate,School,public/dakota.jpg,661 Dakota St.,(204) 256-4366,DAKOTA FOS,High School,9-12,English Program,1075,1494,"1,495-1,635","1,490-1,606","1,509-1,563","1,479-1,518",2020_21,1219,2021_22,1201,2022_23,1342,2023_24,1400,1962,62 years,127040 ft²,2,"Everywhere except gym, autoshop",Natural gas,Theatre,+0.1%,Net annual movement in and out of catchment (5-yr. avg.),177,Required,4,4,2,YES,YES,1,YES,YES,N/A,N/A,N/A,CommsLRSD,2025-10-16 17:22:16,"1970|31,179 ft²||2016|2,200 ft² /fitness centre",Football Field|Bleachers & Press Box|Tennis Courts|Basketball Court|Cricket Cage|Patio|Film Tower|Indigenous garden and classroom,,,New High School: Precinct K|Universal washrooms to meet current accessibility standards*|Elevator upgrades to accommodate all accessibility needs**,None,Penthouse Air Handling Unit Upgraded,Washroom reconfigurations to gender-neutral|Atrium|Modular classroom|Accessible gymnasium door|Kitchen|Art room ceiling|Shower stalls removal from change rooms|Lighting upgrade in entire school|DDC system|Automotive shop upgrade|Locking hardware replacement|Electrical outlets|Door replacements|Indigenous student spaces|Individualized programming students spaces|Guitar room soundproofing,None,Flooring replacement|Asphalt repair
darwin,Darwin School,School,public/darwin.jpg,175 Darwin St.,(204) 257-2904,DAKOTA FOS,Elementary School,K-8,English Program,290,279,288,293,291,296,2020_21,245,2021_22,230,2022_23,303,2023_24,292,1973,51 years,54149 ft²,0,"Everywhere except gym, woodshop, graphic arts",Natural gas,None,-0.1%,Net annual movement in and out of catchment (5-yr. avg.),32,Required,4,4,2,YES,n/a,2,YES,Required,0,10,45,CommsLRSD,2025-10-16 17:22:16,,2 Basketball Courts|Volleyball Court|2 Four-Square Courts|2 Baseball Diamonds|Soccer Field|Free Play Area|Play structure|Outdoor learning area,,,New High School: Precinct K neighbourhood|Roof replacement (Partial),None,None,Dark room removal|Flooring replacement|Windows replacement|Foods and nutrition lab renovation|Universal washrooms to meet current accessibility standards*,None,Flooring removal & tile installation
drdwpenner,Dr. D.W. Penner School,School,public/penner.jpg,121 Hazelwood Cres.,(204) 256-1135,GLENLAWN FOS,Elementary School,K-7 (K-8 in 2025),English Program,230,227,206,210,205,215,2020_21,159,2021_22,168,2022_23,198,2023_24,213,1975,49 years,39542 ft²,0,Everywhere except gym,Electric,"Gym, Hygiene room",+0.2%,Net annual movement in and out of catchment (5-yr. avg.),30,Required,2,2,1,YES,n/a,1,YES,Required,0,15,45,CommsLRSD,2025-10-16 17:22:16,"1976|12,261 ft²",Soccer field|Baseball diamond|Basketball court|City Property: Play structures|Zip line|General play areas,,,New High School: Precinct K neighbourhood|Roof repairs (partial),None,Universal washroom added,Bottle filling station|Lighting upgrade|Main office renovation|Staff room renovation|Boot racks removal|Lockers|Flooring replacement|Washrooms partitions replacement|LRTA office reconfiguration into classroom,None,Paving of parking lot
ecolegeorgemcdowell,École George-McDowell,École,public/georgemcdowell.jpg,366 Paddington Rd.,(204) 253-1492,JEANNE-SAUVÉ FOS,Elementary School,6-8,French Immersion,350,345,355,364,333,363,2020_21,417,2021_22,399,2022_23,374,2023_24,391,1983,41 years,46289 ft²,0,Everywhere except gym,Natural gas,Multipurpose Room,+1.1%,Net annual movement in and out of catchment (5-yr. avg.),30,Required,2,2,1,YES,n/a,1,YES,YES,0,0,0,CommsLRSD,2025-10-16 17:22:16,"1985|3,922 ft²||1986|8,826 ft²",Basketball court|Four-square court|Volleyball court|Cement pad w/ hopscotch/wall ball|City Property: 2 Tether ball poles|2 Baseball diamonds|Play structure,,,Roof replacement (Partial),None,None,Library flooring replacement|Asphalt existing gravel parking lot|Flooring replacement|Washroom countertops replacement|Library flooring replacement|Ceiling tiles replacement|Soundproofing in guitar room|Universal washrooms to meet current accessibility standards*,None,Classroom window replacements (Rms. 11-20)|Flooring removal & tile installation (Rm. 15)|Classrooms (2) and hallway flooring
ecoleguyot,École Guyot,École,public/guyot.jpg,400 Willowlake Cres.,(204) 257-2540,BÉLIVEAU FOS,Elementary School,K-8,French Immersion,390,430,471,471,472,457,2020_21,402,2021_22,410,2022_23,425,2023_24,434,1974,50 years,43253 ft²,0,Everywhere except gym,"Natural gas, electric","Classrooms (2), Guitar",+2.0%,Net annual movement in and out of catchment (5-yr. avg.),39,YES,3,3,2,Required,n/a,1,YES,YES,0,18,57,CommsLRSD,2025-10-16 17:22:16,"1986|4,195 ft²||2017|2,271 ft²",2 Play structures|Soccer nets|Basketball court|Rock climbing platform|Swing sets,,,Roof replacement (Partial),None,None,Staff room renovation|Gender-neutral washroom|Library flooring|Boys' washroom renovation|HVAC system,None,Flooring replacement|Acoustic material removal|Door & frame replacement|Intercom system relocation|Electrical outlet installation
ecolehenribergeron,École Henri-Bergeron,École,public/henribergeron.jpg,363 Enfield Cres.,(204) 233-7079,BÉLIVEAU FOS,Elementary School,French Immersion 5-8; Middle Immersion 4-6,French Immersion & Middle Immersion,300,221,284-310,271-284,259-264,246,2020_21,242,2021_22,259,2022_23,212,2023_24,230,1962,62 years,40350 ft²,0,Full building,Natural gas,Boys and girls washrooms,-1.5%,Net annual movement in and out of catchment (5-yr. avg.),Not specified,Required,2,2,1,Required,Required,0,YES,Required,0,0,21,CommsLRSD,2025-10-16 17:22:16,,Basketball court|Tether ball pole|Play structure,,,New Elementary School: Waters Urban Village neighbourhood|Roof replacement (Full),None,None,HVAC system|Main office renovations|Staff room renovation|Student washrooms renovations|Phys-ed office shower|Lighting and ceiling tiles upgrade|Tectum installation in gymnasium|Flooring|Entrance concrete landing replacement,None,Privacy curtains (shower & changerooms)|Window replacements|Flooring removal|Lockers
ecolehowden,École Howden,École,public/howden.jpg,150 Howden Rd.,(204) 257-0656,BÉLIVEAU FOS,Elementary School,K-8 (K-6 in 2025),French Immersion,355,421,372,390,397,395,2020_21,327,2021_22,322,2022_23,368,2023_24,398,1964,60 years,34087 ft²,2,"Main office, portables","Natural gas, electric","Gym, Classroom",-0.1%,Net annual movement in and out of catchment (5-yr. avg.),33,YES,1,1,2,YES,n/a,0,YES,YES,0,12,23,CommsLRSD,2025-10-16 17:22:16,"1967|19,753 ft²",Basketball court|Basketball action play|Rain garden|Play structure|Climb & spin structure|Tether Poles|Swing sets|Climbing & hanging structures|City Property: Soccer fields|Play structures,,,"Modular Classrooms (2), no longer required|Permanent Classroom additions (4), no longer required|Roof replacement (Partial)",None,Lighting Retrofits,Student washrooms renovation|Flooring replacement|Window replacement|Doors and frames replacement|Bulkhead construction|Bottle filling station|HVAC system|Lighting upgrades,None,Floor tile replacement|Intercom system replacement|Storage cabinet installation|Whiteboard relocation|Shelving installation|Bottle filling station addition|Old water fountains removal|Student services office
ecolejulieriel,École Julie-Riel,École,public/julieriel.jpeg,316 Ashworth St.,(204) 253-2363,JEANNE-SAUVÉ FOS,Elementary School,French Immersion K-5; Middle Immersion 4-6,French Immersion & Middle Immersion,375,364,325,332,350,355,2020_21,316,2021_22,341,2022_23,353,2023_24,357,1995,29 years,45249 ft²,0,Full building,Natural gas,"Gym, hallway",+1.3%,Net annual movement in and out of catchment (5-yr. avg.),33,YES,2,2,0,Required,n/a,1,YES,YES,0,0,60,CommsLRSD,2025-10-16 17:22:16,,Swing set|Play structure|Climbing orb|Basketball nets|City Property: Soccer field,,,Roof replacement (Partial),None,None,Windows replacement|Staff room renovation|Cabinet door installations|Flooring replacement|Air Make Up unit|Boiler replacement|Washrooms renovation|Outdoor storage|Washer and dryer|Staff room renovation,None,Flooring replaced with tile
ecolemarieannegaboury,École Marie-Anne-Gaboury,École,public/marieannegaboury.jpg,95 Pulberry St.,(204) 253-9704,JEANNE-SAUVÉ FOS,Elementary School,K-8,French Immersion,420,426,421,420,421,422,2020_21,408,2021_22,393,2022_23,401,2023_24,416,1957,67 years,53300 ft²,0,Full building,Natural gas,None,+0.4%,Net annual movement in and out of catchment (5-yr. avg.),40,YES,5,4,1,YES,n/a,1,YES,Required,0,23,41,CommsLRSD,2025-10-16 17:22:16,"1969|36,100 ft²",2 Baseball diamonds|Running track|High jump pole|Soccer nets|4 Tether poles|TRC Garden,,,Entrance|Learning commons|Resource support suite|Guidance office|Conference room|Canteen|Second air handling unit|Relocation of school office and support space,None,Replacement of Chiller,Ceiling tiles replacement|Asphalt play area resurfacing|Lane cutout for student drop-off and pick-up|Hand washing sink|HVAC system|Main entrance and school office renovation|Flooring replacement,None,Convert washroom to gender neutral|Accessible entrance general renovations|Cement step repair|Demising wall|Bulletin boards|Shelving|Sink|White board|Coat hooks
ecoleprovencher,École Provencher,École,public/provencher.jpg,320 ave de la Cathedrale,(204) 233-0222,BÉLIVEAU FOS,Elementary School,K-4,French Immersion,290,290,345-398,332-356,323-239,318,2020_21,259,2021_22,256,2022_23,285,2023_24,293,1924,100 years,71776 ft²,0,None,Natural gas,"Childcare areas, meeting room 1, custodial room, washrooms (5), classrooms (9), second floor hallway, family centre room",-1.5%,Net annual movement in and out of catchment (5-yr. avg.),32,Required,2,2,3,YES,Required,0,Required,Required,0,29,88,CommsLRSD,2025-10-16 17:22:16,"1929|21,460 ft² (Rebuilt after 1923 fire)",Shade area|2 Play structures|Swing set|Zipline swing|Basketball action play|Basketball court,,,New Elementary School: Waters Urban Village neighbourhood|Building envelope|Windows|Ventilation|Elevator|Second air handling unit|Roof replacement (Partial),,,Windows replacement for entire school|Lighting upgrades|HVAC system|Student washrooms renovation|Acoustic material replacement|Door and frames replacement|Gym bleacher replacement|Storage room door|Washroom walls refinishing|Doorway widening|Magnetic locks on second floor stairwell doors|Bike cage,,Window safety bars|Extend stairway walls for safety|New gender neutral washroom
ecolesagecreekbonavista,École Sage Creek Bonavista,École,public/sagecreekbonavista.png,355 Des Hivernants Blvd.,Board Office,BÉLIVEAU FOS,Elementary School,K-8,French Immersion Program,900,0,90-97,859-861,855-880,836-876,2020_21,0,2021_22,0,2022_23,0,2023_24,0,2025,0 years,103548 ft²,0,Full building,Natural gas,"Hallways, band, office, library, Rooms 101-103, 142, 203, 204",+0.0%,Net annual movement in and out of catchment (5-yr. avg.),Not specified,YES,1,1,24,YES,YES,9,YES,YES,0,0,0,CommsLRSD,2025-10-16 17:22:16,,2 Play areas|Basketball court|City Property: Pump Track|Soccer field,,,,,,,,
ecolestgermain,École St. Germain,École,public/stgermain.jpg,77 John Forsyth Rd.,(204) 254-0120,JEANNE-SAUVÉ FOS,Elementary School,K-5,French Immersion,405,399,356,365,391,399,2020_21,483,2021_22,469,2022_23,471,2023_24,427,1987,37 years,43258 ft²,2,Full building,"Natural gas, electric, geothermal","Gym, mini-gym",+1.0%,Net annual movement in and out of catchment (5-yr. avg.),Not specified,YES,2,2,0,1,n/a,0,YES,NO,0,32,33,CommsLRSD,2025-10-16 17:22:16,,"Basketball court|Basketball action play|Four-square court|Play structures|Balance steppers|Picnic area|City Property: Baseball diamonds, Soccer field, Swing sets, Sharing circle",,,New Elementary School: Precinct K neighbourhood|Failed boiler replacement|Make-up air replacement (2),,,Roof top unit replacement|Staff room renovation|Partitions replacement in change room|Concrete play area repair,,Rear sidewalk repairs|Sound proofing|Ceiling tile replacement (6 classrooms)|Cubbies for students|White board relocation
ecolevanbelleghem,École Van Belleghem,École,public/vanbelleghem.jpg,10 Vermillion Rd.,(204) 255-1134,BÉLIVEAU FOS,Elementary School,K-8,French Immersion,365,450,314-389,294-347,289-316,283-291,2020_21,397,2021_22,416,2022_23,432,2023_24,447,1967,57 years,37212 ft²,2,"Office, multipurpose room, band room, staff room","Natural gas, electric","Kindergarten, library, music, MPR, classrooms (18)",+8.0%,Net annual movement in and out of catchment (5-yr. avg.),20,YES,2,2,1,Required,n/a,1,YES,YES,0,19,28,CommsLRSD,2025-10-16 17:22:16,"1968|15,486 ft²","Basketball action play system|Basketball Court|Nature playground|Tree climbing system|Zipline|Honeycomb structure|Play structures|Swings|Bike cage|City Property: Baseball field, Soccer nets",,,"New Elementary School: Sage Creek Bonavista (Under construction, open fall 2025)|New Elementary School: Precinct K neighbourhood|Universal washrooms|Relocation of Modular Classrooms to Island Lakes Community School (summer 2025)|Roof replacement (Partial)",,Lighting Retrofits,Skylights covers removal|Lighting upgrade|Gender-neutral washrooms|Operable windows|Asphalt play area replacement|Soundproofing in multi-purpose room|Playground drainage|Main office renovation|Skylights replacement|HVAC system,,Door and frame replacement|Flooring replacement (library)|General renovations|Flooring replacement (front & rear entrances)|New classroom in library|Library reconfiguration to include kindergarten classroom with washroom
ecolevarennes,École Varennes,École,public/varennes.png,22 Varennes Ave.,(204) 253-1375,JEANNE-SAUVÉ FOS,Elementary School,K-8,French Immersion,400,420,390,400,411,425,2020_21,384,2021_22,370,2022_23,358,2023_24,382,1951,73 years,38400 ft²,0,"Room 2 (music), room 20",Natural gas,Classrooms (3),-2.3%,Net annual movement in and out of catchment (5-yr. avg.),38,Required,2,2,1,Required,Required,2,YES,Required,0,0,37,CommsLRSD,2025-10-16 17:22:16,"1953|8,103 ft²||1959|18,954 ft²||1976|1,525 ft² (Flood relief building, intended to last 20 years)",Sandbox|Tire Swings|Soccer nets|Baseball diamond|Slide|Play structure|Basketball|Basketball action play|Sharing circle,,,"Building Replacement [≈55,000 ft2]|Additional Air Make Up unit to gym|Roof replacement (Full)",,,Elevator|Accessible washroom on each floor|HVAC system|Ceiling tiles replacement|Make-up air unit|Flooring|Automatic door operators|Ramp at library door|Ceiling and lighting upgrade|Washrooms renovation|Exhaust fan replacement|Parking lot paving|Flooring replacement|Windows replacement|Gym ceiling acoustic material removal|Gym change room reconfiguration to sensory room|Gym mezzanine expansion,Asphalt repair,Flooring replacement|Electrical plug installation (parking lot)|Intercom system
frontenac,Frontenac School,School,public/frontenac.jpg,866 Autumnwood Dr.,(204) 257-0609,WINDSOR PARK FOS,Elementary School,K-8,English Program,450,418,373,387,385,397,2020_21,433,2021_22,454,2022_23,426,2023_24,406,1956,68 years,56965 ft²,2,Full building,Natural gas,"Staff room 34, room 28",-1.2%,Net annual movement in and out of catchment (5-yr. avg.),55,Required,4,4,4,YES,YES,1,YES,YES,0,30,30,CommsLRSD,2025-10-16 17:22:16,"1959|16,000 ft²||1964|5,000 ft²||1970|13,865 ft²||1986|1,050 ft²||1987|1,050 ft²",Play structures|Soccer area|Basketball court|Gaga Ball pit|Tetherball,,,Roof replacement (Partial),,Universal washroom,School repainting|HVAC system|Windows replacement|Washroom and laundry room renovation|Ceiling tiles replacement|Change room renovation|Concrete accessible loading pad|Wall fracture|Canopy outside modular classrooms,,Window replacement|Step repairs|Ramp repair|Floor tile replacement|Playground asphalt resurfacing
generalvanier,General Vanier School,School,public/generalvanier.jpg,18 Lomond Blvd.,(204) 255-1400,WINDSOR PARK FOS,Elementary School,K-8,English Program,235,234,286,283,277,264,2020_21,230,2021_22,247,2022_23,251,2023_24,261,1961,63 years,50644 ft²,0,Full building,Natural gas,Room 6,+2.2%,Net annual movement in and out of catchment (5-yr. avg.),39,YES,4,4,4,YES,YES,0,YES,YES,0,30,35,CommsLRSD,2025-10-16 17:22:16,"1963|26,000 ft²||1969|8,644 ft²","Gaga Ball pit|Swing sets|Play structures|Basketball court|Climbing bars|Glider and Merry-go-round|City Property: Swing set, Wading pool, Soccer fields",,,Roof repairs,,Universal washroom,School grounds redevelopment|Partitions and washroom door replacement|Lockers|Flooring replacement|Library shelves|Demising wall removal|Library move to main floor|Gender-neutral washrooms|HVAC system|Doors replacement,,Fix wheelchair accessible ramps|Vestibule renovations|Blacktop repair
glenlawn,Glenlawn Collegiate,Collegiate,public/glenlawn.jpg,770 St. Mary's Rd.,(204) 233-3986,GLENLAWN FOS,High School,9-12,English Program,1000,1104,"1,068-1,105","1,071-1,077","1,097-1,102","1,071-1,095",2020_21,991,2021_22,886,2022_23,911,2023_24,1059,1949,75 years,140850 ft²,0,"Everywhere except senior woodshop, autoshop",Natural gas,None,-0.3%,Net annual movement in and out of catchment (5-yr. avg.),110,Required,5,5,9,1,Partial,5,YES,YES,0,0,0,CommsLRSD,2025-10-16 17:22:16,1956|||1965|||1972|||1975|||1997|Rebuild,"City Property: Long jump track with sandpit, Volleyball court, Soccer fields, Basketball court, Shade structure",,,"New High School: Precinct K neighbourhood|Graphics lab (ventilation, ceiling, lights, dark room, storage)|Roof replacement (Partial)",,Rooftop unit replacement,"Elevator installation|HVAC system|Metal shops renovation|Lighting and painting upgrade in automotive shop|Lighting, millwork, and painting upgrade in electronics|Graphic arts renovation|Lighting and stair treads|Lockers replacement|Gender-neutral washroom|Flooring replacement",,Enclose junior high lab electrical panel|Door replacement|Foods and nutrition lab|Fire alarm upgrade
glenwood,Glenwood School,School,public/glenwood.jpg,51 Blenheim Ave.,(204) 233-3619,GLENLAWN FOS,Elementary School,K-8,English Program,280,267,285,290,289,287,2020_21,172,2021_22,198,2022_23,216,2023_24,235,1910,114 years,63094 ft²,0,"Main office, staff room",Natural gas,"Gym, office, storage, classrooms (4)",-1.1%,Net annual movement in and out of catchment (5-yr. avg.),32,Required,2,2,5,Required,Required,0,YES,Required,0,15,50,CommsLRSD,2025-10-16 17:22:16,"1954|5,936 ft²||1955|9,215 ft²||1974|12,077 ft²",Play structures|Basketball action play|Basketball court|City Property: Baseball diamonds,,,New High School: Precinct K neighbourhood,Elevator|Universal washroom|Roof replacement (Partial),,Washroom renovations|Windows replacement|Exterior painting|Flooring replacement|Interlock with dust collector in maker studio|School renumbering|HVAC system|Main office renovation|Elevator|Bell tower roof repair|Front entrance ramp,Wall refinishing and repainting,Chimney repair|Pave parking lot with asphalt
hspaul,H.S. Paul School,School,public/hspaul.jpg,160 Southglen Blvd.,(204) 254-7477,DAKOTA FOS,Elementary School,K-8,English Program,375,383,350,351,375,381,2020_21,397,2021_22,394,2022_23,413,2023_24,398,1989,35 years,46558 ft²,2,"Back hallway, main building (needs repairs)","Natural gas, electric, geothermal",Room 6,-0.2%,Net annual movement in and out of catchment (5-yr. avg.),42,YES,2,2,1,YES,n/a,1,YES,YES,8,40,72,CommsLRSD,2025-10-16 17:22:16,"1991|1,502 ft² (2 modular classrooms uninhabitable)",Play structures|Swing sets|Basketball court|Basketball action play system|Baseball diamond|Soccer nets,,,New High School: Precinct K neighbourhood|Boiler replacement|Roof replacement (Partial),,Rooftop unit and Make-up Air replacement,Air conditioning installation|Cabinets and countertops in canteen,Exterior wall repair,Portable A/C unit|Coat hooks|Lockable storage cabinet|Boot racks|Intercom call button relocation|Compressor replacement
hastings,Hastings School,School,public/hastings.jpg,50 Hastings Blvd.,(204) 253-1371,DAKOTA FOS,Elementary School,K-8,English Program,260,238,260,255,254,243,2020_21,204,2021_22,198,2022_23,216,2023_24,235,1960,64 years,36100 ft²,0,Everywhere except gym,Natural gas,"Gym, hallways, main entry, offices, storage, movement room, staff washrooms, custodial room, elevator",-0.5%,Net annual movement in and out of catchment (5-yr. avg.),Not specified,YES,1,1,2,YES,YES,1,YES,YES,0,18,32,CommsLRSD,2025-10-16 17:22:16,,Basketball court|Play structure|Soccer field|Gravel track|Baseball diamond|Indigenous garden|Tether ball,,,New High School: Precinct K neighbourhood|Boiler replacement,,Elevator|Universal washroom,Student washrooms renovation|Gym air conditioning|Main floor school office relocation|Windows replacement,Exterior windows|Wall repair|Loose wiring securing,Portable A/C unit|Steps repair
highbury,Highbury School,School,public/highbury.jpg,99 Highbury Rd.,(204) 254-5078,DAKOTA FOS,Elementary School,K-8,English Program,400,450,423,425,437,440,2020_21,403,2021_22,409,2022_23,407,2023_24,438,1991,33 years,65496 ft²,0,Full building,Natural gas,"Gym, multipurpose room stage, office, hygiene room",+2.1%,Net annual movement in and out of catchment (5-yr. avg.),41,YES,4,4,2,YES,n/a,1,YES,YES,16,56,62,CommsLRSD,2025-10-16 17:22:16,"1992|13,185 ft²||1997|4,844 ft²||2001|4,456 ft²||2005|1,000 ft²||2014|4,843 ft²","City Property: Play structures, Soccer field, Basketball court, Baseball diamond",,,New High School: Precinct K neighbourhood|New Elementary School: Precinct K neighbourhood|Universal washroom|Roof replacement (Partial),,Make Up Air replacement (2)|Compressor replacement,Staff room renovation|Meeting room window|Flooring replacement|Skylight blind in multi-purpose room|Outdoor storage|School office flooring replacement|Lockers|Food and nutrition lab renovation|Metal roof and overhang repainting,,Dust collector layout reconfiguration and added electrical to accommodate the relocated equipment|Painting of all classrooms|Interlock for dust collector installation
islandlakes,Island Lakes Community School,School,public/islandlakes.jpg,445 Island Shore Blvd.,(204) 254-6247,J.H. BRUNS FOS,Elementary School,K-8,English Program,540,752,650-706,671-704,700-757,709-767,2020_21,391,2021_22,497,2022_23,585,2023_24,687,2001,23 years,59927 ft²,2,Full building,"Natural gas, electric",Classrooms (3),+9.5%,Net annual movement in and out of catchment (5-yr. avg.),36,YES,3,3,7,YES,n/a,2,YES,YES,4,62,65,CommsLRSD,2025-10-16 17:22:16,"2009|5,785 ft² (2 modular classrooms added Oct. 2024)","Play structures|Swing set|Soccer nets|Basketball action play|City Property: Basketball court, Baseball diamond, Tennis court",,,"New Elementary School: Sage Creek Bonavista (Under construction, open fall 2025)|New Elementary School: Precinct J neighbourhood|New Elementary School: Precinct K neighbourhood|New High School: Precinct K neighbourhood|Relocation of Modular Classrooms to ILCS from École Van Belleghem (summer 2025)|Additional Air Make Up unit for gym|Roof replacement (Partial)",Relocation of Modular Classrooms (2) from St. Germain,Installation of Modular Classrooms (2),Library desk trims|Air Make Up unit|Universal washroom upgrade|Canteen renovation|Main entrance benches|Washroom countertop replacements|Entrance flooring replacement|Staff room renovation,,Shelving installation|Two classrooms added to library
jhbruns,J.H. Bruns Collegiate,Collegiate,public/jhbruns.jpg,250 Lakewood Blvd.,(204) 257-2928,J.H. BRUNS FOS,High School,9-12,English Program,700,856,"1,115-1,154","1,064-1,093","992-1,003",902,2020_21,763,2021_22,762,2022_23,779,2023_24,780,1972,52 years,89638 ft²,1,"Everywhere except gym, autoshop","Natural gas, electric",Hallway,+5.8%,Net annual movement in and out of catchment (5-yr. avg.),51,YES,3,3,1,YES,YES,0,YES,YES,0,0,0,CommsLRSD,2025-10-16 17:22:16,"1976|5,785 ft²","City Property: Play structure, Wading pool, Baseball diamonds, Southdale C.",,,"New Elementary School: Sage Creek Bonavista (Under construction, open fall 2025)|New Elementary School: Precinct J neighbourhood|New Elementary School: Precinct K neighbourhood|New High School: Precinct K neighbourhood|Addition [≈26,000 ft2] with classrooms (9), Library, Fitness room, Cafeteria, Entrance (2)|Optimize staff parking|Outdoor recreation spaces|Hardcourt sports plaza|Roof replacement (Partial)",Science classroom,Universal washroom|Roof replacement (Partial)|Foundation upgrade|Roof reinforcement upgrade,HVAC system|Demising wall installation|Kitchen renovation|Windows replacement|Gym air conditioning,,Locker replacement|Cupboard removal|Painting|Flooring installation|Gym reconfiguration|Foods and nutrition room refresh|Exterior foundation wall repair
lavallee,Lavallee School,School,public/lavallee.jpg,505 St. Anne's Rd.,(204) 257-1388,DAKOTA FOS,Elementary School,K-8,English Program,210,161,192,186,183,183,2020_21,142,2021_22,149,2022_23,169,2023_24,168,1973,51 years,74214 ft²,0,Everywhere except gym,Natural gas,None,+0.1%,Net annual movement in and out of catchment (5-yr. avg.),101,Required,4,4,2,YES,n/a,1,YES,YES,0,18,22,CommsLRSD,2025-10-16 17:22:16,,Daycare play structure|Basketball court|Play structure|Tether ball area|City Property: Soccer field,,,New High School: Precinct K neighbourhood|Roof replacement (Partial),,Make Up Air & compressor replacements (2),Main office renovation|Kitchenette|HVAC system|Flooring in maker studio|Washrooms renovation|Library flooring replacement|Ceiling tiles replacement|Learning lab renovation|Parking lot paving,,Addition of parking lot|Music room complete renovation|Kitchen build|Conversion to classroom
louisrielartstech,Louis Riel Arts & Technology Centre,Centre,public/lratc.jpg,5 deBourmont Ave.,(204) 237-8951,Other,High School,"Grade 11, 12, post-secondary",Technical Vocational,331,141,N/A,N/A,N/A,N/A,2020_21,135,2021_22,118,2022_23,147,2023_24,148,1970,54 years,76050 ft²,0,"Everywhere except gym, autoshop",Natural gas,"Pastry lab, classrooms (2)",N/A,Net annual movement in and out of catchment (5-yr. avg.),66,N/A,2,2,1,Required,Required,2,YES,YES,0,0,0,CommsLRSD,2025-10-16 17:22:16,"1978|19,517 ft²",Cement patio|Tennis courts,,,Culinary arts space renovations|Esthetic facility renovations,,Roof replacement (Partial),Esthetics salon and computer lab reconfiguration|Culinary arts renovation|Universal washroom|Main office renovation|Tennis court resurfacing|Lockers|Gender-neutral washroom in Gym|Workout room|Elevator installation|HVAC system|Auto shop and plumbing shop exhaust system replacement|Ceiling acoustical spray removal/replacement in Gym|Carpeting,Add fob access (culinary arts changeroom),
marion,Marion School,School,public/marion.jpg,619 Des Meurons St.,(204) 233-2893,NELSON MCINTYRE FOS,Elementary School,K-8,English Program,250,259,357-428,322-354,296-304,263,2020_21,113,2021_22,139,2022_23,144,2023_24,218,1950,74 years,40861 ft²,0,"Office, staff room, all classrooms",Natural gas,None,-1.5%,Net annual movement in and out of catchment (5-yr. avg.),37,Required,2,2,2,YES,YES,4,YES,YES,4,16,0,CommsLRSD,2025-10-16 17:22:16,"1953|12,558 ft²||1963|6,494 ft²",Swing set|Baseball diamond|Play courts|Basketball court|Basketball nets|Play structures,,,New Elementary School: Waters Urban Village neighbourhood,Major addition|Major renovations,Building envelope|Elevator|Universal toilet room,Doors and frames replacement|School rekeying|HVAC system|Interior painting|Staff room renovation|Classrooms renovation|Student washrooms renovation|Parking lot paving|Fence installation|School bus loop|Electrical rewiring|Washrooms renovation,,Air conditioning (entire school)
minnetonka,Minnetonka School,School,public/minnetonka.jpg,200 Minnetonka St.,(204) 257-8114,GLENLAWN FOS,Elementary School,K-8,English Program,205,171,195,196,196,193,2020_21,154,2021_22,177,2022_23,138,2023_24,171,1959,65 years,41010 ft²,0,Everywhere except original building (west side),Natural gas,"Gym, hallways, boys' & girls' washrooms, classrooms (7)",+1.7%,Net annual movement in and out of catchment (5-yr. avg.),56,YES,3,3,1,YES,n/a,0,YES,Required,12,76,19,CommsLRSD,2025-10-16 17:22:16,,Basketball court|Play structure|Swing sets|Soccer nets|Basketball action play,,,New High School: Precinct K neighbourhood|Boiler replacement|Roof replacement (Partial),,,Staff room and washrooms renovation|Sink and cabinets replacement in art lab|Millwork replacement|Flooring replacement|Air conditioning|Gender-neutral washroom|Window replacement|Parking lot paving|Window installation|Soundproofing,,Cabinets addition|Lockers addition|Resurfacing main entrance
nelsonmcintyre,Nelson McIntyre Collegiate,Collegiate,public/nelsonmacintyre.jpg,188 St. Mary's Rd.,(204) 237-0219,NELSON MCINTYRE FOS,High School,9-12,English Program,650,393,424-519,420-280,404-436,386-399,2020_21,305,2021_22,316,2022_23,313,2023_24,358,1955,69 years,59927 ft²,0,"Everywhere except band room, woodshop, power mechanics",Natural gas,"Boiler room, office, storage, classrooms (3)",-1.6%,Net annual movement in and out of catchment (5-yr. avg.),62,Required,3,3,2,YES,YES,1,YES,YES,0,0,0,CommsLRSD,2025-10-16 17:22:16,"1960|4,026 ft²||1968|21,484 ft²||1973|2,050 ft²||1975|Rebuild||1986|Rebuild",Basketball court|Track & football,,,Roof replacement (Partial),,Universal washroom|Rooftop unit replacement (5)|Science classroom,Flooring replacement|Soundproofing|Gender-neutral washrooms|Lighting upgrade|HVAC system|Windows replacement|Staff room renovation|Flagpole replacement|Demising wall|School sign replacement|Bottle filling stations|Floor cutting for volleyball standards|Weight room expansion,,Automatic door opener installation|Basketball court expansion|Floor refinishing|Interlock for dust collector installation|Rooftop units replacement
niakwaplace,Niakwa Place School,School,public/niakwa.jpg,200 Pebblebeach Rd.,(204) 257-0640,J.H. BRUNS FOS,Elementary School,K-8,English Program,260,248,297,303,292,283,2020_21,262,2021_22,232,2022_23,250,2023_24,268,1974,50 years,32230 ft²,1,"Everywhere except gym, multipurpose room",Natural gas,Entire school,+2.7%,Net annual movement in and out of catchment (5-yr. avg.),40,Required,4,4,0,YES,n/a,1,YES,YES,0,20,15,CommsLRSD,2025-10-16 17:22:16,,Basketball courts|Play structures|Soccer field,,,"New Elementary School: Sage Creek Bonavista (Under construction, open fall 2025)|New Elementary School: Precinct J neighbourhood|New Elementary School: Precinct K neighbourhood|New High School: Precinct K neighbourhood|Roof replacement (Partial)|Universal washroom",,Lighting retrofits,Student drop-off and pick-up zone|Flooring replacement|Partition replacement|Washrooms renovation|Change room renovation|HVAC system|School office renovation|Exterior drainage installation|Fob reader at rear entrance|Fracture repair in front wall|Electrical outlets in modular classrooms|Stage area renovation in Gym|Supply air and exhaust,,Asphalt repair
nordale,Nordale School,School,public/nordaleschool.jpeg,99 Birchdale Ave.,(204) 237-0202,NELSON MCINTYRE FOS,Elementary School,K-8,English Program,230,180,173,176,180,177,2020_21,135,2021_22,132,2022_23,172,2023_24,170,1948,76 years,36954 ft²,0,"Main office, library",Natural gas,"Staff washroom, fan room",-2.4%,Net annual movement in and out of catchment (5-yr. avg.),32,Required,3,3,0,YES,n/a,0,Required,Required,0,18,30,CommsLRSD,2025-10-16 17:22:16,"1952|4,800 ft²||1962|2,100 ft²||1968|4,758 ft²||1971|2,346 ft²||2011|1,475 ft²",Basketball courts|Tetherball court|Four-square court|Climbing wall|Play structure|Nature playground|Soccer field|City Property: Soccer field,,,Additional Make-up Air unit for library|Roof replacement (Partial),,,Air conditioning|Air Make Up unit|Main office renovation|Staff room renovation|Art lab renovation|Staff room refresh,,Door & frame replacement
sagecreek,Sage Creek School,School,public/sagecreek.jpg,315 Sage Creek Blvd.,(204) 253-8199,J.H. BRUNS FOS,Elementary School,K-8 (transitioning to English K-8 only in 2025/26),English Program,600,654,722-821 (Eng. K-8 only),702-775 (Eng. K-8 only),668-705 (Eng. K-8 only),636-654 (Eng. K-8 only),2020_21,769,2021_22,694,2022_23,747,2023_24,787,2017,7 years,76940 ft²,0,Full building,"Geothermal, electric","Hallways, band, office, library, classrooms (6)",+6.9%,Net annual movement in and out of catchment (5-yr. avg.),48,YES,1,1,20,YES,YES,1,YES,YES,20,64,132,CommsLRSD,2025-10-16 17:22:16,,"2 Play structures|City Property: Play structure, Basketball court, Tennis court",,,"Number one priority: Addition and renovations to J.H. Bruns Collegiate to allow for transition from grade 8 to grade 9|New Elementary School: Sage Creek Bonavista (Under construction, open fall 2025)|New Elementary School: Precinct J neighbourhood|New Elementary School: Precinct K neighbourhood|New High School: Precinct K neighbourhood",,,Parking lot expansion|Sump pump spout diversion|Floor drain repair|Concrete bollards removal|School grounds redevelopment|Commons area reconfiguration|Demising wall demolition,,Lower washroom fixture height|Remove temporary partitions in commons area and makerspace areas|Reinstall equipment in makerspace and teacher space in kitchen|Demising wall|Additional access door
samuelburland,Samuel Burland School,School,public/samuelburland.jpg,192 Burland Ave.,(204) 254-0124,GLENLAWN FOS,Elementary School,K-8,English Program,450,421,374,387,399,420,2020_21,433,2021_22,454,2022_23,444,2023_24,448,1987,37 years,44208 ft²,0,Full building,"Natural gas, electric, geothermal",None,+0.6%,Net annual movement in and out of catchment (5-yr. avg.),38,YES,3,3,0,YES,n/a,2,Required,YES,0,42,63,CommsLRSD,2025-10-16 17:22:16,,Basketball court|Play structure|City Property: Baseball diamond|Play structures,,,New Elementary School: Precinct K neighbourhood|New High School: Precinct K neighbourhood|Universal washroom|Air MUA replacement (2),,,Universal washroom|Plumbing removal|Air Make Up unit|Windows replacement|Acoustic material removal|Staff room renovation|Ceiling tiles replacement|Partitions replacements|Boot racks installation|Privacy door in shower area|School rekeying|Exterior wall repair|Parking lot expansion|Flooring replacement,,Ceiling track installation|Flooring replacement|Sidewalk repair|Hallway cabinets
shamrock,Shamrock School,School,public/shamrock.png,831 Beaverhill Blvd.,(204) 257-0637,J.H. BRUNS FOS,Elementary School,K-8,English Program,640,633,299,294,298,306,2020_21,499,2021_22,563,2022_23,588,2023_24,610,1974,50 years,78185 ft²,0,"Everywhere except gym, stage",Natural gas,"Multipurpose room, music",+4.6%,Net annual movement in and out of catchment (5-yr. avg.),51,YES,8,8,5,YES,n/a,2,YES,YES,0,30,100,CommsLRSD,2025-10-16 17:22:16,"1978|39,444 ft² (Enrolment changes due to new school construction)",5 Play structures|2 Swing sets|2 Basketball courts|Shade structure|City Property: Soccer field,,,"New Elementary School: Sage Creek Bonavista (Under construction, open fall 2025)|New Elementary School: Precinct J neighbourhood|New Elementary School: Precinct K neighbourhood|New High School: Precinct K neighbourhood|Air MUA replacement (2)|Universal washroom",Building envelope replacement,Roof replacement (Partial),Gender-neutral washrooms|HVAC system|Parking reconfiguration and parent drop-off zone|School office renovation|Accordion wall removal and permanent wall construction|Millwork and ceiling replacement|Gym office spaces renovation|Lockers replacement|Hallways painting|Berm removal on playground,,"Removal of counters, sinks, cupboards (old science lab)|New foods and nutrition lab construction|Universal washroom update|Ceiling track installation, Door & frame replacement|Plumbing improvements|Room 13 converted to kindergarten classroom|Lockers (75)"
stgeorge,St. George School,School,public/stgeorge.jpg,151 St. George Rd.,(204) 253-2646,GLENLAWN FOS,Elementary School,K-6 (Grades 7 & 8 moved to Windsor School in 2024-25),English Program,410,344,361,385,393,401,2020_21,327,2021_22,327,2022_23,377,2023_24,439,1954,70 years,47767 ft²,0,None,Natural gas,Classrooms (3),-2.7%,Net annual movement in and out of catchment (5-yr. avg.),22,YES,3,3,4,Required,n/a,0,YES,Required,0,0,30,CommsLRSD,2025-10-16 17:22:16,,Play structures|Basketball net|Basketball court|City Property: Play structure|Soccer field|St. George Park,,,New High School: Precinct K neighbourhood|Elevator|Universal washroom,,Roof replacement (Partial),Play structure|Staff parking lot expansion|Windows replacement|Kindergarten Room renovation|Flooring replacement|Air conditioning|Student drop-off and pick-up zone|Universal washroom|Elevator|School office renovation|Staff room renovation,,Floor refinishing|General renovations|Cabinet installation
victorhlwyatt,Victor H.L. Wyatt School,School,public/victorwyatt.jpg,485 Meadowood Dr.,(204) 255-7880,DAKOTA FOS,Elementary School,K-8,English Program,325,317,370,372,350,336,2020_21,224,2021_22,260,2022_23,284,2023_24,310,1979,45 years,63900 ft²,0,"Everywhere except gym, autoshop, woods and graphic arts",Natural gas,None,+2.0%,Net annual movement in and out of catchment (5-yr. avg.),52,Required,5,5,4,YES,YES,2,YES,YES,0,5,57,CommsLRSD,2025-10-16 17:22:16,,Soccer field|Basketball hardtop|Baseball diamond,,,New High School: Precinct K neighbourhood|Roof replacement (Partial),,,Flooring replacement|Staff room renovation|School office renovation|Basketball court renewal|Gym bleachers replacement|Air conditioning|Parking lot paving|Wood shop renovation|Metals shop renovation|Graphic arts renovation|Countertop replacement in student services office,,Flooring tile installation|Repaint floors|Door & frame replacement
victormager,Victor Mager School,School,public/victormager.jpg,81 Beliveau Rd.,(204) 253-9873,DAKOTA FOS,Elementary School,K-8,English Program,420,402,351,359,378,392,2020_21,330,2021_22,337,2022_23,375,2023_24,404,1959,65 years,43879 ft²,0,"Everywhere except gym, Boys & Girls Club, original building classrooms (south)",Natural gas,None,-6.7%,Net annual movement in and out of catchment (5-yr. avg.),50,Required,3,3,2,YES,n/a,1,Required,Required,0,8,29,CommsLRSD,2025-10-16 17:22:16,"1970|19,475 ft²",Soccer fields|Swing sets|Play structures|Basketball court|Running track,,,New High School: Precinct K neighbourhood|Universal washroom|Roof replacement (Partial),,,Air conditioning in south wing and Gym|Gym bleachers|Electronic board and school sign replacement|Lockers|Parking lot paving|School bus loop|Ceiling and lights|Universal washroom|Millwork replacement in family centre|Classrooms renovation|Front entrance ramp,,Cabinet removal|Lockers for staff|General repairs (front entrance)|Room reconfiguration for washer & dryer|Toilet & sink installation
windsorpark,Windsor Park Collegiate,Collegiate,public/windsorpark.jpg,1015 Cottonwood Rd.,(204) 256-7316,WINDSOR PARK FOS,High School,9-12,English Program,700,709,507-567,506-561,611-672,659-711,2020_21,605,2021_22,670,2022_23,702,2023_24,726,1959,65 years,105000 ft²,0,Everywhere except gym 1,Natural gas,Entire school,+2.5%,Net annual movement in and out of catchment (5-yr. avg.),100,Required,6,6,2,YES,YES,1,YES,YES,0,0,0,CommsLRSD,2025-10-16 17:22:16,"1965|10,162 ft²||1969|20,922 ft²",Basketball court|Tennis courts|City Property: Baseball diamond|Soccer field,,,Washrooms (for 1015 Cottonwood Rd.)|Fitness room (for 1015 Cottonwood Rd.)|Band/guitar rooms (for 1015 Cottonwood Rd.)|Classrooms (4) (for 1015 Cottonwood Rd.)|Entrance (for 1015 Cottonwood Rd.)|Office (for 1015 Cottonwood Rd.)|Cafeteria (for 1015 Cottonwood Rd.)|Roof replacement (Partial) (for 1015 Cottonwood Rd.)|Additional Air Make Up unit to gym (for 1015 Cottonwood Rd.),,,Gym floor refinishing|Foods and nutrition labs renovation|School rekeying|Windows replacement,Science classroom,Lighting Retrofit
windsor,Windsor School,School,public/windsorschool.jpg,80 Cunnington Ave.,(204) 237-4057,GLENLAWN FOS,Elementary School,K-8 (Includes Grades 7 & 8 students relocated from St. George School),English Program,260,235,274,260,255,247,2020_21,154,2021_22,134,2022_23,138,2023_24,140,1922,102 years,36576 ft²,1,"Everywhere except gym, tautum room",Natural gas,"Gym, office, conference room, hallway, hallway, art room",+0.2%,Net annual movement in and out of catchment (5-yr. avg.),19,Required,5,5,2,Required,n/a,1,YES,YES,0,0,15,CommsLRSD,2025-10-16 17:22:16,1957|||1961|||1964|,Basketball courts|Play structures|Tetherball post|Basketball action play|City Property: Soccer field,,,New High School: Precinct K neighbourhood|New building envelope|New windows|Structural reinforcement|Roof replacement (Partial),,Boiler replacement|Direct Digital Control for HVAC system installation,Sidelights in classrooms|Front entrance ramp|Universal washroom|Classroom reconfiguration into movement room|Sink|Washrooms renovation|Staff washroom renovation|Window in main office,,Parking lot paving|General renovations|Door replacement
