school_id,scope,status,description
archwood,provincial,requested,Universal washroom to meet current accessibility standards*
archwood,provincial,requested,Remaining Burnham boiler replacement
archwood,provincial,requested,Roof replacement (Partial)
archwood,local,requested,Main office renovation
archwood,local,requested,Air conditioning installation
archwood,local,requested,DDC system
archwood,local,requested,Office renovation completion
archwood,local,requested,Flooring and hallway wall refinishing
archwood,local,requested,Classrooms renovation
archwood,local,requested,Library flooring
archwood,local,requested,Music room renovation
archwood,local,requested,Room 10 renovation
archwood,local,requested,Kitchen redesign
archwood,local,requested,Renovate Staff Room
archwood,local,requested,Student and Staff Washroom Renovation
archwood,local,requested,Repaint and new lighting in Front Foyer
archwood,local,requested,Replace Rear Door and Frame
archwood,local,completed,Community kitchen electrical upgrades
archwood,local,completed,Kitchen island addition
archwood,local,completed,Cupboards
archwood,local,completed,Gym girls change room modification
archwood,local,completed,Bottle filling station addition
archwood,local,completed,Boys change room renewal
archwood,local,completed,Replace Public Address System
archwood,local,completed,Repair of cracks in Terrazo floor
archwood,local,completed,Installed Portable Air Conditioning units
archwood,local,completed,Fence installation
archwood,local,completed,Design Concept of all washrooms
beliveau,provincial,requested,New High School: Precinct K neighbourhood
beliveau,provincial,requested,"Addition with washrooms, fitness room, band/music rooms, administration office, entrance modifications, community room, site development"
beliveau,provincial,requested,Roof replacement (Partial)
beliveau,provincial,completed,Lighting retrofits
beliveau,provincial,completed,Universal washroom
beliveau,provincial,completed,Foods and nutrition lab renovation
beliveau,local,requested,Gender-neutral washroom
beliveau,local,requested,DDC system
beliveau,local,requested,Air Make Up unit
beliveau,local,requested,Gym office spaces
beliveau,local,requested,Staff washroom renovation
beliveau,local,requested,Windows replacement
beliveau,local,requested,Blackboards removal
beliveau,local,requested,Flooring and ceiling
beliveau,local,requested,Office area redesign
beliveau,local,requested,Canteen shutter door lock relocation
beliveau,local,requested,Parking lot and staircase repair
beliveau,local,requested,Lockers
beliveau,local,requested,Washrooms renovation
beliveau,local,requested,Long Jump Pit and Track Extension
beliveau,local,inProgress,"Lighting in science wing, library, and Grade 7/8 classrooms"
beliveau,local,completed,Removal of raised teachers desks
beliveau,local,completed,Refinish gym floor
beliveau,local,completed,Concrete stairs repair
beliveau,local,completed,Door & frame replacement
beliveau,local,completed,Lighting Upgrade in the north section and second floor
cjs,provincial,requested,Roof replacement (Partial)
cjs,provincial,requested,Additional Air Make Up unit to gym
cjs,provincial,completed,Replacement of Roof Top Unit
cjs,provincial,completed,"Addition with 16 classrooms, music room, and universal washroom"
cjs,provincial,completed,Rooftop solar panels
cjs,provincial,completed,Fitness Room
cjs,provincial,completed,Science Classrooms (5)
cjs,local,requested,Renovate Room 104 to create Home Ecology Classroom
cjs,local,requested,Replace Gym Floor
cjs,local,requested,Replace Gym Bleachers
cjs,local,requested,Repaint Gym
cjs,local,requested,School field redevelopment
cjs,local,requested,Girls' washroom renovation
cjs,local,requested,Domestic piping replacement in crawlspace
cjs,local,requested,"Lighting upgrade in all classrooms, hallways, and gymnasium"
cjs,local,requested,Elevator or lift for mezzanine access and replace railing
cjs,local,requested,Accessible door operators for washrooms and southeast parking lot door
cjs,local,requested,Bike Cage
cjs,local,requested,Renovate Boy's Change Room
cjs,local,completed,Exterior level landing for cafeteria doors
cjs,local,completed,Library flooring replacement
cjs,local,completed,Hallways and door trims repainting
cjs,local,completed,Design Concept plan for School Field Redevelopment
cjs,local,completed,Gymnasium floor refinishing
dakota,provincial,requested,New High School: Precinct K
dakota,provincial,requested,Universal washrooms to meet current accessibility standards*
dakota,provincial,requested,Elevator upgrades to accommodate all accessibility needs**
dakota,provincial,requested,Two modular classrooms
dakota,provincial,completed,Penthouse Air Handling Unit Upgraded
dakota,local,requested,Washroom reconfigurations to gender-neutral
dakota,local,requested,Atrium
dakota,local,requested,Accessible gymnasium door
dakota,local,requested,Kitchen
dakota,local,requested,Art room ceiling
dakota,local,requested,Shower stalls removal from change rooms
dakota,local,requested,Lighting upgrade in entire school
dakota,local,requested,DDC system
dakota,local,requested,Automotive shop upgrade
dakota,local,requested,Locking hardware replacement
dakota,local,requested,Electrical outlets in Electronics
dakota,local,requested,Door replacements
dakota,local,requested,Indigenous student spaces
dakota,local,requested,Individualized programming students spaces
dakota,local,requested,Guitar room soundproofing
dakota,local,completed,Flooring replacement
dakota,local,completed,Asphalt repair
dakota,local,completed,Reverse Door from Gymnasium to Fitness room
darwin,provincial,requested,New High School: Precinct K neighbourhood
darwin,provincial,requested,Roof replacement (Partial)
darwin,local,requested,Dark room removal
darwin,local,requested,Flooring replacement
darwin,local,requested,Windows replacement
darwin,local,requested,Foods and nutrition lab renovation
darwin,local,requested,Universal washrooms to meet current accessibility standards*
darwin,local,requested,Additional Parking spots
darwin,local,completed,Flooring removal & tile installation
darwin,local,completed,Lighting upgrade in Office
darwin,local,completed,Build demising wall between Room 8 and 9
drdwpenner,provincial,requested,New High School: Precinct K neighbourhood
drdwpenner,provincial,requested,Roof repairs (partial)
drdwpenner,provincial,completed,Universal washroom added
drdwpenner,local,requested,Lighting upgrade
drdwpenner,local,requested,Upgrade staff work stations
drdwpenner,local,requested,Staff room renovation
drdwpenner,local,requested,Flooring replacement
drdwpenner,local,requested,Washrooms partitions replacement
drdwpenner,local,completed,Paving of parking lot
drdwpenner,local,completed,Install Bottle Filling Station
drdwpenner,local,completed,Removed boot racks and installed lockers in the north east and north west entrances
drdwpenner,local,completed,"Renovated Principal's and Vice Principal's Office, Create Copier Room"
drdwpenner,local,completed,LRTA office reconfiguration into classroom
ecolegeorgemcdowell,provincial,requested,Roof replacement (Partial)
ecolegeorgemcdowell,provincial,requested,Boiler Replacement
ecolegeorgemcdowell,local,requested,Library flooring replacement
ecolegeorgemcdowell,local,requested,Pave existing gravel parking lot
ecolegeorgemcdowell,local,requested,Flooring replacement
ecolegeorgemcdowell,local,requested,Washroom countertops replacement
ecolegeorgemcdowell,local,requested,Ceiling tiles replacement
ecolegeorgemcdowell,local,requested,Soundproofing in guitar room
ecolegeorgemcdowell,local,requested,Universal washrooms to meet current accessibility standards*
ecolegeorgemcdowell,local,requested,Replace hallway lighting
ecolegeorgemcdowell,local,requested,Pave the hardsurface play area
ecolegeorgemcdowell,local,requested,Renovate Staff Washrooms
ecolegeorgemcdowell,local,completed,Classroom window replacements (Rms. 11-20)
ecolegeorgemcdowell,local,completed,Flooring removal & tile installation (Rm. 15)
ecolegeorgemcdowell,local,completed,Classrooms (2) and hallway flooring
ecolegeorgemcdowell,local,completed,Replaced flooring in Library
ecoleguyot,provincial,requested,Roof replacement (Partial)
ecoleguyot,local,requested,Staff room renovation
ecoleguyot,local,requested,Gender-neutral washroom
ecoleguyot,local,requested,Library flooring
ecoleguyot,local,requested,Boys' washroom renovation
ecoleguyot,local,requested,DDC system
ecoleguyot,local,requested,Universal washroom renovations planned for south side of school (summer 2026)
ecoleguyot,local,completed,Replaced PA System
ecoleguyot,local,completed,Flooring replacement
ecoleguyot,local,completed,Acoustic material removal
ecoleguyot,local,completed,Door & frame replacement
ecoleguyot,local,completed,Video Intercom system relocation
ecoleguyot,local,completed,Electrical outlet installation
ecolehenribergeron,provincial,requested,New Elementary School: Waters Urban Village neighbourhood
ecolehenribergeron,provincial,requested,Roof replacement (Full)
ecolehenribergeron,local,requested,DDC system
ecolehenribergeron,local,requested,Main office renovations
ecolehenribergeron,local,requested,Staff room renovation
ecolehenribergeron,local,requested,Student washrooms renovations
ecolehenribergeron,local,requested,Phys-ed office shower
ecolehenribergeron,local,requested,Lighting and ceiling tiles upgrade
ecolehenribergeron,local,requested,Tectum installation in gymnasium
ecolehenribergeron,local,requested,Replace Flooring in Change Room
ecolehenribergeron,local,requested,New curtain for Gym
ecolehenribergeron,local,requested,Create Office in Student Services Room
ecolehenribergeron,local,completed,Privacy curtains (shower & changerooms)
ecolehenribergeron,local,completed,Window replacements
ecolehenribergeron,local,completed,Flooring removal
ecolehenribergeron,local,completed,Entrance concrete landing replacement
ecolehenribergeron,local,completed,Replaced Public Address System
ecolehenribergeron,local,completed,Soundproofing of Music Room
ecolehenribergeron,local,completed,Build storage cage for guitars
ecolehenribergeron,local,completed,Installed 100 lockers
ecolehowden,provincial,requested,Roof replacement (Partial)
ecolehowden,provincial,completed,Lighting Retrofits
ecolehowden,local,requested,"Redesign classroom 1, 2 and 3 to create two large Kindergarten classroom with washrooms"
ecolehowden,local,requested,Student washrooms renovation
ecolehowden,local,requested,Flooring replacement
ecolehowden,local,requested,Window replacement
ecolehowden,local,requested,Doors and frames replacement
ecolehowden,local,requested,Bulkhead construction
ecolehowden,local,requested,Bottle filling station
ecolehowden,local,requested,DDC system
ecolehowden,local,requested,Lighting upgrades
ecolehowden,local,requested,Repave hard surface play area
ecolehowden,local,completed,Floor tile replacement
ecolehowden,local,completed,Intercom system replacement
ecolehowden,local,completed,Storage cabinet installation
ecolehowden,local,completed,Whiteboard relocation
ecolehowden,local,completed,Shelving installation
ecolehowden,local,completed,Bottle filling station addition
ecolehowden,local,completed,Old water fountains removal
ecolehowden,local,completed,Student services office
ecolehowden,local,completed,Window replacement on the north side of the south hallway
ecolehowden,local,completed,Installed Portable Air Conditioning units
ecolejulieriel,provincial,requested,Roof replacement (Partial)
ecolejulieriel,local,requested,Windows replacement
ecolejulieriel,local,requested,Staff room renovation
ecolejulieriel,local,requested,Full Height Cabinet installations in Room 9-12
ecolejulieriel,local,requested,Flooring replacement
ecolejulieriel,local,requested,Air Make Up unit
ecolejulieriel,local,requested,Boiler replacement
ecolejulieriel,local,requested,Washrooms renovation
ecolejulieriel,local,requested,Outdoor storage
ecolejulieriel,local,requested,Washer and dryer
ecolejulieriel,local,requested,Upgrade lighting
ecolejulieriel,local,completed,Flooring replaced with tile
ecolejulieriel,local,completed,Replaced flooring in Room 11
ecolemarieannegaboury,provincial,requested,Entrance
ecolemarieannegaboury,provincial,requested,Learning commons
ecolemarieannegaboury,provincial,requested,Resource support suite
ecolemarieannegaboury,provincial,requested,Guidance office
ecolemarieannegaboury,provincial,requested,Conference room
ecolemarieannegaboury,provincial,requested,Canteen
ecolemarieannegaboury,provincial,requested,Relocation of school office and support space
ecolemarieannegaboury,provincial,inProgress,Heating and Ventilation Upgrades
ecolemarieannegaboury,provincial,completed,Replacement of Chiller
ecolemarieannegaboury,local,requested,Replace Ceiling tiles and lighting in hallways
ecolemarieannegaboury,local,requested,Repave Hard surface play area
ecolemarieannegaboury,local,requested,Lane cutout for student drop-off and pick-up
ecolemarieannegaboury,local,requested,Hand washing sink
ecolemarieannegaboury,local,requested,DDC system
ecolemarieannegaboury,local,requested,Flooring replacement
ecolemarieannegaboury,local,requested,Replace partitions in washrooms
ecolemarieannegaboury,local,inProgress,SST space alarm deficiency identified in WPSH reports; work order issued
ecolemarieannegaboury,local,completed,Convert washroom to gender neutral
ecolemarieannegaboury,local,completed,Accessible entrance general renovations
ecolemarieannegaboury,local,completed,Cement step repair
ecolemarieannegaboury,local,completed,Bulletin boards
ecolemarieannegaboury,local,completed,Shelving
ecolemarieannegaboury,local,completed,Sink
ecolemarieannegaboury,local,completed,White board
ecolemarieannegaboury,local,completed,Coat hooks
ecolemarieannegaboury,local,completed,Replaced Flooring in Gymnasium and Library
ecolemarieannegaboury,local,completed,Rebuild wall in Room #2
ecoleprovencher,provincial,requested,New Elementary School: Waters Urban Village neighbourhood
ecoleprovencher,provincial,requested,Building envelope
ecoleprovencher,provincial,requested,Windows
ecoleprovencher,provincial,requested,Ventilation
ecoleprovencher,provincial,requested,Elevator
ecoleprovencher,provincial,requested,Second air handling unit
ecoleprovencher,provincial,requested,Roof replacement (Partial)
ecoleprovencher,local,requested,Windows replacement for entire school
ecoleprovencher,local,requested,Lighting upgrades
ecoleprovencher,local,requested,DDC system
ecoleprovencher,local,requested,Student washrooms renovation on the third floor
ecoleprovencher,local,requested,Acoustic material replacement in Gym
ecoleprovencher,local,requested,Door and frames replacement
ecoleprovencher,local,requested,Storage room door
ecoleprovencher,local,requested,Washroom walls refinishing
ecoleprovencher,local,requested,Doorway widening of second floor washroom
ecoleprovencher,local,requested,Regrade and reseed the green space
ecoleprovencher,local,inProgress,Installation of Air Conditioning
ecoleprovencher,local,completed,Window safety bars
ecoleprovencher,local,completed,Extend stairway walls for safety
ecoleprovencher,local,completed,New gender neutral washroom
ecoleprovencher,local,completed,Magnetic locks on second floor stairwell doors
ecoleprovencher,local,completed,Bike cage
ecoleprovencher,local,completed,Install Bottle Filling Station
ecolestgermain,provincial,requested,New Elementary School: Precinct K neighbourhood
ecolestgermain,provincial,requested,Make-up air replacement (2)
ecolestgermain,provincial,completed,Boiler replacement
ecolestgermain,provincial,completed,Direct Digital Control for HVAC system installation
ecolestgermain,local,requested,Staff room renovation
ecolestgermain,local,requested,Partitions replacement in change room
ecolestgermain,local,requested,Video Intercom System
ecolestgermain,local,requested,Two Basketball poles and hoops for outdoor play area
ecolestgermain,local,requested,Automatic shutoff faucets in washrooms
ecolestgermain,local,requested,Automatic door operators at front and rear entrances
ecolestgermain,local,requested,Replace flooring in the School Office
ecolestgermain,local,requested,Regrading of soccer field
ecolestgermain,local,requested,Create trench for drainage on the North side of the building
ecolestgermain,local,requested,3' fence along north side of staff parking lot to reduce snow drifting and improve stall access
ecolestgermain,local,completed,Rear sidewalk repairs
ecolestgermain,local,completed,Sound proofing
ecolestgermain,local,completed,Ceiling tile replacement (6 classrooms)
ecolestgermain,local,completed,Cubbies for students
ecolestgermain,local,completed,White board relocation
ecolestgermain,local,completed,Concrete play area repair
ecolestgermain,local,completed,Install Bottle Filling Station
ecolestgermain,local,completed,Asphalt pathway from parking lot to basketball court
ecolevanbelleghem,provincial,requested,New Elementary School: Precinct K neighbourhood
ecolevanbelleghem,provincial,requested,Universal washrooms
ecolevanbelleghem,provincial,requested,Roof replacement (Partial)
ecolevanbelleghem,provincial,inProgress,Relocation of Modular Classrooms to Island Lakes Community School
ecolevanbelleghem,local,requested,Replace Lockers
ecolevanbelleghem,local,requested,Lighting upgrade
ecolevanbelleghem,local,requested,Operable windows
ecolevanbelleghem,local,requested,Asphalt play area replacement
ecolevanbelleghem,local,requested,Soundproofing in multi-purpose room
ecolevanbelleghem,local,requested,Playground drainage
ecolevanbelleghem,local,requested,Main office renovation
ecolevanbelleghem,local,requested,Skylights replacement
ecolevanbelleghem,local,requested,DDC system
ecolevanbelleghem,local,requested,Replace flooring in Music Room
ecolevanbelleghem,local,requested,Replace door and frames in the hallway and Exit #3 and #4
ecolevanbelleghem,local,completed,Door and frame replacement
ecolevanbelleghem,local,completed,Flooring replacement (library)
ecolevanbelleghem,local,completed,General renovations
ecolevanbelleghem,local,completed,Flooring replacement (front & rear entrances)
ecolevanbelleghem,local,completed,New classroom in library
ecolevanbelleghem,local,completed,Library reconfiguration to include kindergarten classroom with washroom
ecolevanbelleghem,local,completed,Gender-neutral washrooms
ecolevanbelleghem,local,completed,Replaced entrance carpet
ecolevanbelleghem,local,completed,Installed Portable Air Conditioning units
ecolevarennes,provincial,requested,"Building Replacement [≈55,000 ft2]"
ecolevarennes,provincial,requested,Additional Air Make Up unit to gym
ecolevarennes,provincial,requested,Roof replacement (Full)
ecolevarennes,local,requested,Elevator
ecolevarennes,local,requested,Accessible washroom on each floor
ecolevarennes,local,requested,DDC system
ecolevarennes,local,requested,Ceiling tiles replacement
ecolevarennes,local,requested,Make-up air unit
ecolevarennes,local,requested,Flooring
ecolevarennes,local,requested,Ceiling and lighting upgrade
ecolevarennes,local,requested,Washrooms renovation
ecolevarennes,local,requested,Exhaust fan replacement
ecolevarennes,local,requested,Paving of Parking lot
ecolevarennes,local,requested,Flooring replacement
ecolevarennes,local,requested,Windows replacement
ecolevarennes,local,requested,Gym ceiling acoustic material removal
ecolevarennes,local,requested,Install Air Conditioning
ecolevarennes,local,inProgress,Asphalt repair
ecolevarennes,local,completed,Flooring replacement
ecolevarennes,local,completed,Electrical plug installation (parking lot)
ecolevarennes,local,completed,Intercom system
ecolevarennes,local,completed,Automatic door operators
ecolevarennes,local,completed,Ramp at library door
ecolevarennes,local,completed,Gym mezzanine
frontenac,provincial,requested,Roof replacement (Partial)
frontenac,provincial,completed,Universal washroom
frontenac,local,requested,DDC system
frontenac,local,requested,Windows replacement
frontenac,local,requested,Washroom and laundry room renovation
frontenac,local,requested,Ceiling tiles replacement
frontenac,local,requested,Change room renovation
frontenac,local,requested,Concrete accessible loading pad
frontenac,local,requested,Ramp on east side of the building
frontenac,local,requested,Gender Neutral Washrooms
frontenac,local,completed,Window replacement
frontenac,local,completed,Step repairs
frontenac,local,completed,Ramp repair
frontenac,local,completed,Floor tile replacement
frontenac,local,completed,Playground asphalt resurfacing
frontenac,local,completed,Canopy outside modular classrooms
frontenac,local,completed,Concrete sidewalk in the bus loading zone
frontenac,local,completed,Upgrade eye wash stations
frontenac,local,completed,Repair fracture in the wall between the existing and addition building
frontenac,local,completed,School repainting
generalvanier,provincial,requested,Roof repairs
generalvanier,provincial,completed,Universal washroom
generalvanier,local,requested,School grounds redevelopment
generalvanier,local,requested,Partitions and washroom door replacement
generalvanier,local,requested,Lockers
generalvanier,local,requested,Flooring replacement
generalvanier,local,requested,Library shelves
generalvanier,local,requested,Demising wall removal
generalvanier,local,requested,Gender-neutral washrooms
generalvanier,local,requested,DDC system
generalvanier,local,requested,Doors replacement
generalvanier,local,requested,Repainting of the school
generalvanier,local,requested,Concrete repair
generalvanier,local,requested,New School Sign
generalvanier,local,requested,Replace flooring in the Main Office
generalvanier,local,completed,Repair wheelchair accessible ramps
generalvanier,local,completed,Vestibule renovations
generalvanier,local,completed,Blacktop repair
generalvanier,local,completed,Library move to main floor
glenlawn,provincial,requested,New High School: Precinct K neighbourhood
glenlawn,provincial,requested,"Graphics lab (ventilation, ceiling, lights, dark room, storage)"
glenlawn,provincial,requested,Roof replacement (Partial)
glenlawn,provincial,completed,Rooftop unit replacement
glenlawn,local,requested,Elevator installation
glenlawn,local,requested,DDC system
glenlawn,local,requested,Metal shops renovation
glenlawn,local,requested,Lighting and painting upgrade in automotive shop and Junior Woods
glenlawn,local,requested,"Lighting, millwork, and painting upgrade in electronics"
glenlawn,local,requested,Graphic arts renovation
glenlawn,local,requested,Lighting and stair treads
glenlawn,local,requested,Lockers replacement
glenlawn,local,requested,Gender-neutral washroom
glenlawn,local,requested,Flooring replacement
glenlawn,local,requested,Main Office Renovation
glenlawn,local,requested,Replace Classroom doors
glenlawn,local,requested,Replace flooring in computer labs
glenlawn,local,requested,Create Gender Neutral Washroom in Gym Foyer
glenlawn,local,completed,Enclose junior high lab electrical panel
glenlawn,local,completed,Door replacement
glenlawn,local,completed,Foods and nutrition lab
glenlawn,local,completed,Fire alarm upgrade
glenlawn,local,completed,Replaced flooring in Room 240
glenlawn,local,completed,Renumbering of rooms
glenwood,provincial,requested,New High School: Precinct K neighbourhood
glenwood,provincial,inProgress,Elevator
glenwood,provincial,inProgress,Universal washroom
glenwood,provincial,inProgress,Roof replacement (Partial)
glenwood,local,requested,Washroom renovations
glenwood,local,requested,Windows replacement
glenwood,local,requested,Exterior painting
glenwood,local,requested,Flooring replacement in Basement Hallway
glenwood,local,requested,School renumbering
glenwood,local,requested,DDC system
glenwood,local,requested,Main office renovation
glenwood,local,requested,Elevator
glenwood,local,requested,Bell tower roof repair
glenwood,local,requested,Front entrance ramp
glenwood,local,requested,Sink in Kindergarten Classroom
glenwood,local,requested,Whole-school air conditioning (postponed from summer 2026)
glenwood,local,completed,Chimney repair
glenwood,local,completed,Pave parking lot with asphalt
glenwood,local,completed,Replaced windows in the west wing
glenwood,local,completed,Wall refinishing and repainting
glenwood,local,completed,Installed portable air conditioning units
hastings,provincial,requested,New High School: Precinct K neighbourhood
hastings,provincial,requested,Boiler replacement
hastings,provincial,requested,Roof replacement (Partial)
hastings,provincial,completed,Rooftop unit and Make-up Air replacement
hastings,local,requested,Air conditioning installation
hastings,local,requested,Cabinets and countertops in canteen
hastings,local,completed,Portable A/C unit
hastings,local,completed,Coat hooks
hastings,local,completed,Lockable storage cabinet
hastings,local,completed,Boot racks
hastings,local,completed,Intercom call button relocation
hastings,local,completed,Compressor replacement
hastings,local,completed,Exterior wall repair
highbury,provincial,requested,New High School: Precinct K neighbourhood
highbury,provincial,requested,Boiler replacement
highbury,provincial,completed,Elevator
highbury,provincial,completed,Universal washroom
highbury,local,requested,Student washrooms renovation
highbury,local,requested,Gym air conditioning
highbury,local,requested,Main floor school office relocation
highbury,local,requested,Windows replacement
highbury,local,requested,Replace cabinets in Room 4 & 5
highbury,local,completed,Portable A/C unit
highbury,local,completed,Steps repair
highbury,local,completed,Replaced windows on the west side of the building
highbury,local,completed,Installed Fence and added walkpath in the school bus loop
highbury,local,completed,Exterior windows
highbury,local,completed,Wall repair
hspaul,provincial,requested,New High School: Precinct K neighbourhood
hspaul,provincial,requested,New Elementary School: Precinct K neighbourhood
hspaul,provincial,requested,Universal washroom
hspaul,provincial,requested,Roof replacement (Partial)
hspaul,provincial,completed,Make Up Air replacement (2)
hspaul,provincial,completed,Compressor replacement
hspaul,local,requested,Staff room renovation
hspaul,local,requested,Meeting room window
hspaul,local,requested,"Flooring replacement in Room 9, 10, 20, 21"
hspaul,local,requested,Skylight blind in multi-purpose room
hspaul,local,requested,Outdoor storage
hspaul,local,requested,School office flooring replacement
hspaul,local,requested,Lockers
hspaul,local,requested,Food and nutrition lab renovation
hspaul,local,requested,Washroom Renovation
hspaul,local,requested,Replace flooring in the hallway outside Room 9&10
hspaul,local,requested,Replace flooring in Student Services
hspaul,local,requested,Remove cabinetry from the middle of the library
hspaul,local,completed,Dust collector layout reconfiguration and added electrical to accommodate the relocated equipment
hspaul,local,completed,Painting of all classrooms
hspaul,local,completed,Interlock for dust collector installation
hspaul,local,completed,Repainting of the metal roof and metal overhang at the doorway
islandlakes,provincial,requested,New Elementary School: Precinct J neighbourhood
islandlakes,provincial,requested,New Elementary School: Precinct K neighbourhood
islandlakes,provincial,requested,New High School: Precinct K neighbourhood
islandlakes,provincial,requested,Additional Air Make Up unit for gym
islandlakes,provincial,requested,Roof replacement (Partial)
islandlakes,provincial,completed,Installation of Modular Classrooms (2)
islandlakes,provincial,completed,Relocation of Modular Classrooms (2) from St. Germain
islandlakes,provincial,completed,Relocation of Modular Classrooms to ILCS from École Van Belleghem
islandlakes,local,requested,Library desk trims
islandlakes,local,requested,Air Make Up unit
islandlakes,local,requested,Universal washroom upgrade
islandlakes,local,requested,Canteen renovation
islandlakes,local,requested,Main entrance benches
islandlakes,local,requested,Washroom countertop replacements
islandlakes,local,requested,Entrance flooring replacement
islandlakes,local,requested,Staff room renovation
islandlakes,local,requested,Pave rear entrance
islandlakes,local,requested,Regrade and reseed the are near soccer goal posts
islandlakes,local,completed,Shelving installation
islandlakes,local,completed,Two classrooms added to library
islandlakes,local,completed,Washrroom Renovations
jhbruns,provincial,requested,New Elementary School: Precinct J neighbourhood
jhbruns,provincial,requested,New Elementary School: Precinct K neighbourhood
jhbruns,provincial,requested,New High School: Precinct K neighbourhood
jhbruns,provincial,requested,Roof replacement (Partial)
jhbruns,provincial,inProgress,"Addition [≈26,000 ft2] with classrooms (9), Library, Fitness room, Cafeteria, Entrance (2)"
jhbruns,provincial,inProgress,Optimize staff parking
jhbruns,provincial,inProgress,Outdoor recreation spaces
jhbruns,provincial,inProgress,Hardcourt sports plaza
jhbruns,provincial,inProgress,Science classroom
jhbruns,provincial,completed,Universal washroom
jhbruns,provincial,completed,Roof replacement (Partial)
jhbruns,provincial,completed,Foundation upgrade
jhbruns,provincial,completed,Roof reinforcement upgrade
jhbruns,local,requested,DDC system
jhbruns,local,requested,Demising wall installation
jhbruns,local,requested,Kitchen renovation
jhbruns,local,requested,Windows replacement
jhbruns,local,requested,Gym air conditioning
jhbruns,local,requested,Reconfigure prep rooms
jhbruns,local,requested,install locks on the hallway doors outside the main office
jhbruns,local,completed,Locker replacement
jhbruns,local,completed,Cupboard removal
jhbruns,local,completed,Painting
jhbruns,local,completed,Flooring installation
jhbruns,local,completed,Gym reconfiguration
jhbruns,local,completed,Foods and nutrition room refresh
jhbruns,local,completed,Exterior foundation wall repair
jhbruns,local,completed,Install 60 lockers
lavallee,provincial,requested,New High School: Precinct K neighbourhood
lavallee,provincial,requested,Roof replacement (Partial)
lavallee,provincial,completed,Make Up Air & compressor replacements (2)
lavallee,local,requested,Main office renovation
lavallee,local,requested,Kitchenette
lavallee,local,requested,DDC system
lavallee,local,requested,Flooring in maker studio
lavallee,local,requested,Washrooms renovation
lavallee,local,requested,Ceiling tiles replacement
lavallee,local,requested,Learning lab renovation
lavallee,local,requested,Parking lot paving
lavallee,local,requested,Replace Flooring in Room 3
lavallee,local,completed,Addition of parking lot
lavallee,local,completed,Music room complete renovation
lavallee,local,completed,Kitchen build
lavallee,local,completed,Conversion to classroom
lavallee,local,completed,Library flooring replacement
louisrielartstech,provincial,requested,Culinary arts space renovations
louisrielartstech,provincial,requested,Esthetic facility renovations
louisrielartstech,provincial,completed,Roof replacement (Partial)
louisrielartstech,local,requested,Esthetics salon and computer lab reconfiguration
louisrielartstech,local,requested,Culinary arts renovation
louisrielartstech,local,requested,Universal washroom
louisrielartstech,local,requested,Main office renovation
louisrielartstech,local,requested,Tennis court resurfacing
louisrielartstech,local,requested,Lockers
louisrielartstech,local,requested,Gender-neutral washroom in Gym
louisrielartstech,local,requested,Workout room
louisrielartstech,local,requested,Elevator installation
louisrielartstech,local,requested,DDC system
louisrielartstech,local,requested,Auto shop and plumbing shop exhaust system replacement
louisrielartstech,local,requested,Ceiling acoustical spray removal/replacement in Gym
louisrielartstech,local,requested,Carpeting
louisrielartstech,local,requested,Repair ramp outside the parking lot
louisrielartstech,local,requested,"Create Gender Neutral washroom in the basement, second floor and main floor"
louisrielartstech,local,inProgress,Add fob access (culinary arts changeroom)
marion,provincial,requested,New Elementary School: Waters Urban Village neighbourhood
marion,provincial,inProgress,Major addition
marion,provincial,inProgress,Major renovations
marion,provincial,completed,Building envelope
marion,provincial,completed,Elevator
marion,provincial,completed,Universal toilet room
marion,local,requested,Doors and frames replacement
marion,local,requested,School rekeying
marion,local,requested,DDC system
marion,local,requested,Interior painting
marion,local,requested,Staff room renovation
marion,local,requested,Classrooms renovation
marion,local,requested,Student washrooms renovation
marion,local,requested,Parking lot paving
marion,local,requested,Fence installation
marion,local,requested,School bus loop
marion,local,requested,Electrical rewiring
marion,local,requested,Washrooms renovation
marion,local,requested,Renovate hallway walls
marion,local,requested,Replace flooring in the hallway close to Main Entrance
marion,local,inProgress,Renovation of Washrooms
marion,local,inProgress,Install window in the Principal's Office
marion,local,completed,Air conditioning (entire school)
marion,local,completed,Rebuild demising wall between 22 and 24
minnetonka,provincial,requested,New High School: Precinct K neighbourhood
minnetonka,provincial,requested,Boiler replacement
minnetonka,provincial,requested,Roof replacement (Partial)
minnetonka,local,requested,Staff room and washrooms renovation
minnetonka,local,requested,Sink and cabinets replacement in art lab
minnetonka,local,requested,Millwork replacement
minnetonka,local,requested,Flooring replacement
minnetonka,local,requested,Air conditioning
minnetonka,local,requested,Gender-neutral washroom
minnetonka,local,requested,Window replacement
minnetonka,local,requested,Parking lot paving
minnetonka,local,requested,Window installation
minnetonka,local,requested,Remove large round sinks in the hallway
minnetonka,local,requested,"Replace ceiling tiles and lighting in the classrooms, community kitchen and hallways"
minnetonka,local,requested,Replace PA System
minnetonka,local,requested,Replace countertops in Room 15
minnetonka,local,requested,"Replace flooring in library, Kindergarten"
minnetonka,local,requested,Renovate Band Room
minnetonka,local,requested,Renumbering of the school
minnetonka,local,completed,Cabinets addition
minnetonka,local,completed,Lockers addition
minnetonka,local,completed,Resurfacing main entrance
minnetonka,local,completed,Installed Portable Air Conditioning units
nelsonmcintyre,provincial,requested,Roof replacement (Partial)
nelsonmcintyre,provincial,completed,Universal washroom
nelsonmcintyre,provincial,completed,Rooftop unit replacement (5)
nelsonmcintyre,provincial,completed,Science classroom
nelsonmcintyre,local,requested,Flooring replacement
nelsonmcintyre,local,requested,Soundproofing in Band Room
nelsonmcintyre,local,requested,Gender-neutral washrooms
nelsonmcintyre,local,requested,Lighting upgrade
nelsonmcintyre,local,requested,DDC system
nelsonmcintyre,local,requested,Windows replacement
nelsonmcintyre,local,requested,Staff room renovation
nelsonmcintyre,local,requested,Demising wall
nelsonmcintyre,local,requested,School sign replacement
nelsonmcintyre,local,requested,Bottle filling stations
nelsonmcintyre,local,requested,Floor cutting for volleyball standards
nelsonmcintyre,local,requested,Weight room expansion
nelsonmcintyre,local,requested,Kitchen Renovation
nelsonmcintyre,local,requested,Fracture in wall between the main building and addition
nelsonmcintyre,local,completed,Automatic door opener installation
nelsonmcintyre,local,completed,Basketball court expansion
nelsonmcintyre,local,completed,Floor refinishing
nelsonmcintyre,local,completed,Interlock for dust collector installation
nelsonmcintyre,local,completed,Rooftop units replacement
nelsonmcintyre,local,completed,Replaced flooring in Library
nelsonmcintyre,local,completed,Replace rusty flagpole
nelsonmcintyre,local,completed,Install wall in room 109
nelsonmcintyre,local,completed,Install Bottle Filling Station
niakwaplace,provincial,requested,New Elementary School: Precinct J neighbourhood
niakwaplace,provincial,requested,New Elementary School: Precinct K neighbourhood
niakwaplace,provincial,requested,New High School: Precinct K neighbourhood
niakwaplace,provincial,requested,Roof replacement (Partial)
niakwaplace,provincial,requested,Universal washroom
niakwaplace,provincial,completed,Lighting retrofits
niakwaplace,local,requested,Student drop-off and pick-up zone
niakwaplace,local,requested,Flooring replacement
niakwaplace,local,requested,Partition replacement
niakwaplace,local,requested,Washrooms renovation
niakwaplace,local,requested,Change room renovation
niakwaplace,local,requested,DDC system
niakwaplace,local,requested,School office renovation
niakwaplace,local,requested,Exterior drainage installation
niakwaplace,local,requested,Fob reader at rear entrance
niakwaplace,local,requested,Stage area renovation in Gym
niakwaplace,local,requested,Supply air and exhaust
niakwaplace,local,completed,Asphalt repair
niakwaplace,local,completed,Replaced flooring for Library platform
niakwaplace,local,completed,"Replaced counterops, sinks and urinals in Washrooms"
niakwaplace,local,completed,Fracture repair in front wall
nordale,provincial,requested,Additional Make-up Air unit for library
nordale,provincial,requested,Roof replacement (Partial)
nordale,local,requested,Air conditioning
nordale,local,requested,Air Make Up unit
nordale,local,requested,Main office renovation
nordale,local,requested,Art lab renovation
nordale,local,requested,Replace Lockers
nordale,local,requested,"Replace flooring in Room 11, Office, Library and Photocopier Space"
nordale,local,requested,Repair concrete
nordale,local,completed,Door & frame replacement
nordale,local,completed,Renovate Staff Room
nordale,local,completed,Installed Portable Air Conditioning units
sagecreek,provincial,requested,Number one priority: Addition and renovations to J.H. Bruns Collegiate to allow for transition from grade 8 to grade 9
sagecreek,provincial,requested,New Elementary School: Precinct J neighbourhood
sagecreek,provincial,requested,New Elementary School: Precinct K neighbourhood
sagecreek,provincial,requested,New High School: Precinct K neighbourhood
sagecreek,local,requested,Parking lot expansion
sagecreek,local,requested,Sump pump spout diversion
sagecreek,local,requested,Floor drain repair
sagecreek,local,requested,Concrete bollards removal
sagecreek,local,requested,School grounds redevelopment
sagecreek,local,completed,Lower washroom fixture height
sagecreek,local,completed,Remove temporary partitions in commons area
sagecreek,local,completed,Reinstall equipment in makerspace and teacher space in kitchen
sagecreek,local,completed,Additional access door
sagecreek,local,completed,Reconfigure Classroom 139 and 140 to Makers Studio and Classroom 141 to Home Ecology
samuelburland,provincial,requested,New Elementary School: Precinct K neighbourhood
samuelburland,provincial,requested,New High School: Precinct K neighbourhood
samuelburland,provincial,requested,Universal washroom
samuelburland,provincial,requested,Air MUA replacement (2)
samuelburland,local,requested,Universal washroom
samuelburland,local,requested,Plumbing removal
samuelburland,local,requested,Air Make Up unit
samuelburland,local,requested,Windows replacement
samuelburland,local,requested,Acoustic material removal
samuelburland,local,requested,Staff room renovation
samuelburland,local,requested,Ceiling tiles replacement
samuelburland,local,requested,Partitions replacements
samuelburland,local,requested,Boot racks installation
samuelburland,local,requested,Privacy door in shower area
samuelburland,local,requested,School rekeying
samuelburland,local,requested,Exterior wall repair
samuelburland,local,requested,Parking lot expansion
samuelburland,local,requested,Flooring replacement
samuelburland,local,completed,Ceiling track installation
samuelburland,local,completed,Flooring replacement
samuelburland,local,completed,Sidewalk repair
samuelburland,local,completed,Hallway cabinets
samuelburland,local,completed,Add doorway to classroom 18 from the main hallway
samuelburland,local,completed,Install cabinets along south wall
shamrock,provincial,requested,New Elementary School: Precinct J neighbourhood
shamrock,provincial,requested,New Elementary School: Precinct K neighbourhood
shamrock,provincial,requested,New High School: Precinct K neighbourhood
shamrock,provincial,requested,Air MUA replacement (2)
shamrock,provincial,requested,Universal washroom
shamrock,provincial,inProgress,Building envelope replacement and new windows
shamrock,provincial,completed,Roof replacement (Partial)
shamrock,local,requested,Gender-neutral washrooms
shamrock,local,requested,DDC system
shamrock,local,requested,Parking reconfiguration and parent drop-off zone
shamrock,local,requested,School office renovation
shamrock,local,requested,Accordion wall removal and permanent wall construction
shamrock,local,requested,Millwork and ceiling replacement
shamrock,local,requested,Gym office spaces renovation
shamrock,local,requested,Lockers replacement
shamrock,local,requested,Hallways painting
shamrock,local,completed,"Removal of counters, sinks, cupboards (old science lab)"
shamrock,local,completed,New foods and nutrition lab construction
shamrock,local,completed,Universal washroom update
shamrock,local,completed,"Ceiling track installation, Door & frame replacement"
shamrock,local,completed,Plumbing improvements
shamrock,local,completed,Lockers (75)
shamrock,local,completed,Remove Berm
shamrock,local,completed,Install Bottle Filling Station
stgeorge,provincial,requested,New High School: Precinct K neighbourhood
stgeorge,provincial,requested,Elevator
stgeorge,provincial,requested,Universal washroom
stgeorge,provincial,completed,Roof replacement (Partial)
stgeorge,local,requested,Play structure
stgeorge,local,requested,Staff parking lot expansion
stgeorge,local,requested,Windows replacement
stgeorge,local,requested,Kindergarten Room renovation
stgeorge,local,requested,Flooring replacement in classrooms
stgeorge,local,requested,Air conditioning
stgeorge,local,requested,Student drop-off and pick-up zone
stgeorge,local,requested,School office renovation
stgeorge,local,requested,Staff room renovation
stgeorge,local,requested,Install glass blocks in washrooms
stgeorge,local,requested,Upgrade lighting and replace door and frame at the Entryway
stgeorge,local,completed,Floor refinishing
stgeorge,local,completed,General renovations
stgeorge,local,completed,Cabinet installation
stgeorge,local,completed,Installed Portable Air Conditioning units
stgeorge,local,completed,Installed glass blocks in the Stairwell
victorhlwyatt,provincial,requested,New High School: Precinct K neighbourhood
victorhlwyatt,provincial,requested,Roof replacement (Partial)
victorhlwyatt,local,requested,Staff room renovation
victorhlwyatt,local,requested,School office renovation
victorhlwyatt,local,requested,Basketball court renewal
victorhlwyatt,local,requested,Gym bleachers replacement
victorhlwyatt,local,requested,Air conditioning
victorhlwyatt,local,requested,Parking lot paving
victorhlwyatt,local,requested,Wood shop renovation
victorhlwyatt,local,requested,Metals shop renovation
victorhlwyatt,local,requested,Graphic arts renovation
victorhlwyatt,local,requested,Countertop replacement in student services office
victorhlwyatt,local,requested,Locker replacement
victorhlwyatt,local,requested,Add school bus loop
victorhlwyatt,local,requested,Refresh Sensory space
victorhlwyatt,local,requested,Replace  second floor hallway flooring
victorhlwyatt,local,requested,Staff Washroom Renovation
victorhlwyatt,local,requested,REplace French doors with permanent wall
victorhlwyatt,local,requested,Reconfigure Student Services Office
victorhlwyatt,local,completed,Flooring tile installation
victorhlwyatt,local,completed,Repaint floors
victorhlwyatt,local,completed,Door & frame replacement
victorhlwyatt,local,completed,Replaced flooring in Kindegarten
victormager,provincial,requested,New High School: Precinct K neighbourhood
victormager,provincial,requested,Universal washroom
victormager,provincial,requested,Roof replacement (Partial)
victormager,local,requested,Air conditioning in south wing and Gym
victormager,local,requested,Gym bleachers
victormager,local,requested,Electronic board and school sign replacement
victormager,local,requested,Lockers
victormager,local,requested,Parking lot paving
victormager,local,requested,School bus loop
victormager,local,requested,Ceiling and lights
victormager,local,requested,Universal washroom
victormager,local,requested,Millwork replacement in family centre
victormager,local,requested,Classrooms renovation
victormager,local,completed,Cabinet removal
victormager,local,completed,Lockers for staff
victormager,local,completed,General repairs (front entrance)
victormager,local,completed,Room reconfiguration for washer & dryer
victormager,local,completed,Toilet & sink installation
victormager,local,completed,install Signboard hinge system
victormager,local,completed,Installed Portable Air Conditioning units
victormager,local,completed,Install ramp
victormager,local,completed,Repair entrance sign and soffit framing
windsor,provincial,requested,New High School: Precinct K neighbourhood
windsor,provincial,requested,New building envelope
windsor,provincial,requested,New windows
windsor,provincial,requested,Structural reinforcement
windsor,provincial,requested,Roof replacement (Partial)
windsor,provincial,completed,Boiler replacement
windsor,provincial,completed,Direct Digital Control for HVAC system installation
windsor,local,requested,Sidelights in classrooms
windsor,local,requested,Front entrance ramp
windsor,local,requested,Universal washroom
windsor,local,requested,Classroom reconfiguration into movement room
windsor,local,requested,Sink
windsor,local,requested,Washrooms renovation
windsor,local,requested,Staff washroom renovation
windsor,local,requested,Window in main office
windsor,local,completed,Parking lot paving
windsor,local,completed,General renovations
windsor,local,completed,Door replacement
windsor,local,completed,Replaced Hallway Entrance Flooring
windsorpark,provincial,requested,Washrooms (for 1015 Cottonwood Rd.)
windsorpark,provincial,requested,Fitness room (for 1015 Cottonwood Rd.)
windsorpark,provincial,requested,Band/guitar rooms (for 1015 Cottonwood Rd.)
windsorpark,provincial,requested,Classrooms (4) (for 1015 Cottonwood Rd.)
windsorpark,provincial,requested,Entrance (for 1015 Cottonwood Rd.)
windsorpark,provincial,requested,Office (for 1015 Cottonwood Rd.)
windsorpark,provincial,requested,Cafeteria (for 1015 Cottonwood Rd.)
windsorpark,provincial,requested,Roof replacement (Partial) (for 1015 Cottonwood Rd.)
windsorpark,provincial,requested,Additional Air Make Up unit to gym (for 1015 Cottonwood Rd.)
windsorpark,local,requested,Gym floor refinishing
windsorpark,local,requested,Foods and nutrition labs renovation
windsorpark,local,requested,School rekeying
windsorpark,local,requested,Windows replacement
windsorpark,local,requested,Replace soffit and fascia around Gym
windsorpark,local,requested,Repair Main Entrance concrete
windsorpark,local,inProgress,Science classroom
windsorpark,local,completed,Lighting Retrofit
